,Reporter ISO,Year,TOE,Trade Value (US$),TOE_I
0,,2012,0.0,1925.0,0.0
1,,2013,2756.9072020000003,277461261.0,5357.71905539136
2,,2014,1.6628999,143264336.0,53.356715199001336
3,,2015,0.002654215,225.0,0.007870713091688075
4,,2016,1039.6450303,35480486.0,1244.3867429678332
5,,2017,158033.04902787198,7077005180.0,38546.77898195482
6,ABW,2012,0.000573653,3868.0,0.000375143413400717
7,ABW,2013,40.373844,3605499.0,794.3974720473237
8,ABW,2014,0.029770017,9223.0,0.0172697505967935
9,ABW,2015,0.18234457,55844.0,0.26442700717828665
10,ABW,2017,0.21254268999999998,66730.0,1.7678187102849408
11,AFG,2010,0.85791075,37650.0,4.597266699305844
12,AFG,2011,0.57797671,31829.0,1.4547584317738476
13,AFG,2015,8.19833037,424692.0,41.694611497753876
14,AFG,2016,6506.772879924,311282400.0,10278.779631119112
15,AGO,2010,0.000231174,135.0,0.00239893278991164
16,AGO,2012,0.0017465970000000001,2007.0,0.0017227958172059805
17,AGO,2014,0.43774853399999997,19896.0,2.24781584010699
18,AGO,2015,0.003039509,31085.0,0.000695871118041958
19,AGO,2016,0.113857276,79893.0,0.21843278760356793
20,AGO,2017,0.6357272389999999,802155.0,0.15644444515502404
21,ALB,2011,73.5576441,8384540.0,86.85290213555236
22,ALB,2012,85.7831041,9311182.0,103.87275518661252
23,ALB,2013,27.581898032999998,3135668.0,3.228659284922904
24,ALB,2014,54.668768,5655436.0,285.7572811018621
25,ALB,2015,0.087717518,16512.0,0.12720357267478535
26,ALB,2016,65.967642,2925902.0,154.76402675884307
27,ALB,2017,867.6807507000001,52166498.0,1605.3248782372793
28,AND,2012,0.00039387900000000003,346.0,0.0006072050418585975
29,AND,2016,0.000239736,302.0,0.000446932117767072
30,AND,2017,29.20334154,1954931.0,6.63265592242153
31,ARE,2012,0.00082195,189.0,0.0106336166889265
32,ARE,2013,0.16265199000000002,35103.0,0.15518268405671803
33,ARE,2014,0.001952132,7291.0,0.021065986126920185
34,ARE,2015,0.052707573,21010.0,0.04902615190901993
35,ARE,2016,0.397541452,77171.0,2.5661513737503543
36,ARE,2017,346.46586822800003,42019998.0,148.78872760275948
37,ARG,2010,3.42e-05,783.0,1.26731862e-06
38,ARG,2013,1000.94,102302992.0,10189.773111496801
39,ARG,2014,0.008870214000000001,47047.0,0.030967383134512742
40,ARG,2015,1738.155166975,105183932.0,297.491711362795
41,ARG,2016,3381.369630116,111638161.0,2417.941617009381
42,ARG,2017,75068.159013346,2330869664.0,25213.548119289528
43,ARM,2012,1.71e-05,1695.0,5.0707721065499994e-05
44,ARM,2013,0.1640476,14457.0,0.37801450392552033
45,ARM,2014,5.0448923,294700.0,44.06378791298848
46,ARM,2015,0.00015413,5477.0,0.000255863028450885
47,ARM,2017,15237.289065227002,358276059.0,21108.70489765474
48,ATG,2010,8.56e-06,28.0,2.53835141708e-05
49,ATG,2011,0.003852892,6433.0,0.0055872719464098285
50,ATG,2017,0.024059173,8447.0,0.09307026758569505
51,AUS,2010,169.215036,14303003.0,2778.5195943138924
52,AUS,2011,322.45056,31452016.0,4060.194999303571
53,AUS,2013,110.46324987699998,10365902.0,91.70604499487824
54,AUS,2014,0.053675075,64222.0,0.0530485843208663
55,AUS,2015,0.000119868,1128.0,0.000223466058883536
56,AUS,2016,294.317932768,10200815.0,416.27032924420456
57,AUS,2017,7453.364695102001,217588056.0,2457.134733592239
58,AUT,2010,0.015411571,2519.0,0.13351994480462348
59,AUT,2011,0.000248298,28.0,0.00045367673202142196
60,AUT,2012,2.2015512,242168.0,1.0688145040339516
61,AUT,2013,1.121619891,96289.0,1.3142931561995712
62,AUT,2014,5.250755884999999,508091.0,15.399783912385795
63,AUT,2015,0.016858544,6659.0,0.1940532105049027
64,AUT,2017,70.555998887,4010439.0,16.932044729235827
65,AZE,2012,0.045635361000000006,13174.0,0.028166269021381484
66,AZE,2013,0.000308231,2149.0,0.00018051902117603198
67,AZE,2014,8.56e-05,9308.0,0.00021616642135623336
68,AZE,2015,0.000856198,11982.0,0.000496685168889
69,AZE,2016,616.5835257,19129927.0,710.3959639798481
70,AZE,2017,2892.580356838,69850538.0,5203.113517254229
71,BDI,2013,0.00513719,109.0,0.00744969689531321
72,BDI,2014,0.33357486,55612.0,1.7794077505598058
73,BDI,2016,6.85e-05,586.0,2.53834285e-06
74,BDI,2017,1.68981023,175633.0,0.0
75,BEL,2010,485.25699255899997,21506221.0,1736.2138715056901
76,BEL,2011,3300.5479269920006,179726206.0,22872.90795012873
77,BEL,2012,694.649358298,74304121.0,624.1826363499835
78,BEL,2013,680.03734,71724468.0,2070.83455077763
79,BEL,2015,0.000428099,291.0,0.000340471062936424
80,BEL,2016,0.294498,12943.0,0.138956950571112
81,BEL,2017,261346.21435261,9950463979.0,16031.845986446751
82,BEN,2010,4.280992,398431.0,88.46106165634593
83,BEN,2013,12.8634892,1144663.0,99.06305361633912
84,BEN,2014,7.249808022,599731.0,9.790337315385074
85,BEN,2016,247.44491200000002,16417718.0,685.314966479473
86,BEN,2017,315.936145522,25211802.0,149.7873176611407
87,BFA,2010,21.1761385,2073081.0,236.1345715388516
88,BFA,2013,8.3521471,1075537.0,165.60290756001115
89,BFA,2014,0.046234708,1215.0,0.17451949915511614
90,BFA,2015,24.0997232,1659270.0,103.90049377276888
91,BFA,2016,92.28394605,6248799.0,908.5900325718738
92,BFA,2017,741.4663508469998,61496227.0,223.8518490902842
93,BGD,2010,3.42e-05,304.0,1.26731862e-06
94,BGD,2011,0.0006507100000000001,893.0,0.00247827186796921
95,BGD,2012,0.21408378,10307.0,0.9811812973041105
96,BGD,2013,0.0030480539999999997,4044.0,0.0037814838093603413
97,BGD,2015,954.350485703,68000015.0,1020.4560717214655
98,BGR,2012,2.1532531,210412.0,37.614475108372474
99,BGR,2013,1.1644298,100628.0,49.32415950744617
100,BGR,2014,1.420005,147589.0,1.1293430064658798
101,BGR,2015,27.636549560000002,1687516.0,40.97624436152397
102,BGR,2016,25.883734,1245783.0,263.5016851542905
103,BGR,2017,21753.711239002005,784283323.0,6116.105779799838
104,BHR,2010,0.001712397,175.0,0.02156195894410119
105,BHR,2011,0.000753455,234.0,0.0007119149417934699
106,BHR,2012,8.56e-06,370.0,1.5958132813119998e-05
107,BHR,2015,6.85e-05,139.0,9.322697736160001e-05
108,BHR,2016,0.245634738,39514.0,0.014870444308872273
109,BHR,2017,0.10304348299999999,40195.0,0.5345059438319685
110,BHS,2010,0.000385289,42.0,0.00034632010766777997
111,BHS,2014,10.623128025000002,2624422.0,104.04970095660147
112,BHS,2015,342.194370647,11773578.0,264.51251970267936
113,BIH,2013,0.001404141,1654.0,0.001012036027729099
114,BIH,2015,0.27072993,17493.0,5.3537579339011785
115,BIH,2016,2.4152498,92070.0,0.7562859719100992
116,BIH,2017,2156.4341474050007,99704548.0,463.44483137189826
117,BLR,2011,0.00021405,400.0,0.00158326665075045
118,BLR,2016,0.7604668400000001,14300.0,0.9464785516829556
119,BLR,2017,117135.38232529,2962416676.0,76303.26594476172
120,BLZ,2012,0.36440659,17134.0,3.3406321329352475
121,BLZ,2015,6.4258027,198946.0,46.33101278175961
122,BLZ,2016,0.33085215,20401.0,0.4797852979279919
123,BLZ,2017,133.26178983999998,4581467.0,1187.0254357649965
124,BMU,2016,0.0006506830000000001,2892.0,0.000600280554306237
125,BMU,2017,37.396551684,2462364.0,319.62419982139215
126,BOL,2011,12.846708025,1726718.0,191.4843376887803
127,BOL,2012,0.000984628,2706.0,0.00291978023258954
128,BOL,2013,56.125943,5732361.0,122.65099135730412
129,BOL,2014,2.5659999999999998e-05,388.0,1.58600108e-07
130,BOL,2017,0.019058975,29190.0,0.010392439333931486
131,BRA,2010,1825.0905400000001,98130188.0,6440.081504948064
132,BRA,2011,1070.65009,101107672.0,1446.7894563989912
133,BRA,2012,0.000273983,509.0,0.0031537290986555395
134,BRA,2013,541.014898231,39966683.0,2753.8196581587094
135,BRA,2014,159.26866,13422468.0,3291.077103667467
136,BRA,2015,2397.9331,171408000.0,0.0
137,BRA,2016,1649.557352892,65472457.0,203.28152919688918
138,BRA,2017,87845.473157106,2664463316.0,16332.210563373073
139,BRB,2012,0.005796463,7225.0,0.003790627636342807
140,BRB,2015,0.22261158,41278.0,0.12913820192169
141,BRB,2016,0.000779107,515.0,0.0026816084619385836
142,BRB,2017,109.14914165500001,10994019.0,314.03800799390956
143,BRN,2011,8.56e-05,269.0,0.0006331587260183999
144,BRN,2012,0.000393851,86.0,0.00226674530761869
145,BRN,2014,0.019392893,16126.0,0.030395654851130438
146,BRN,2015,0.00024825,887.0,0.0005844625354464
147,BRN,2016,0.004366606,13632.0,0.0012830475646897002
148,BRN,2017,0.447423533,133541.0,0.3883411943854896
149,BTN,2012,65.235012843,3856050.0,349.5733701575752
150,BWA,2012,0.000325355,4259.0,0.001258600073674345
151,BWA,2016,0.19033285799999997,18905.0,0.004377503430215376
152,BWA,2017,171.694086282,9686398.0,5217.395395232632
153,CAF,2015,0.17195888,16499.0,0.3593685043908432
154,CAF,2017,1.34868365,137936.0,18.39202679078875
155,CAN,2010,0.361358503,22241.0,0.6355283886250431
156,CAN,2011,0.9259870239999999,79994.0,3.5006877127594134
157,CAN,2012,0.000453785,51.0,0.00139693406102621
158,CAN,2013,1507.054444661,128860650.0,1825.088652450138
159,CAN,2014,0.000967504,161.0,0.002128882348940632
160,CAN,2015,699.4957258539999,27373090.0,1.6126464958275861
161,CAN,2016,0.001318545,7640.0,0.0008193736849717799
162,CAN,2017,4674.225522283999,2738278626.0,3384.615025069123
163,CHE,2012,15.983938,1835500.0,36.8317512346799
164,CHE,2014,0.0015411729999999998,17479.0,0.002428670246341524
165,CHE,2015,0.000899073,8074.0,0.0007242043960344889
166,CHE,2016,0.000359603,328.0,0.0
167,CHE,2017,8217.689718236,353402314.0,833.4733822851748
168,CHL,2010,1006.0471,60857224.0,20455.48365706115
169,CHL,2011,505.64191856,32761991.0,1870.0443226418633
170,CHL,2012,1295.6281,38479976.0,13189.75800335653
171,CHL,2013,2442.669853785,82295304.0,39188.41445052978
172,CHL,2014,0.0036045950000000004,5026.0,0.004821288486630588
173,CHL,2015,0.00125005,5602.0,0.0
174,CHL,2016,1511.419115489,42689771.0,106.02755901145038
175,CHL,2017,37093.748140008,1508241768.0,49529.34182277899
176,CHN,2010,0.172275679,45275.0,1.5793064252505369
177,CHN,2013,21.230833983,2120265.0,56.05577264721941
178,CHN,2014,1607.1913677020002,140274469.0,0.01725939945024277
179,CHN,2015,2369.547396,181963710.0,36709.68589813749
180,CHN,2016,435.93397824000004,19743554.0,0.4544037489469666
181,CHN,2017,696402.742086747,29799609446.0,218645.82501677435
182,CIV,2010,0.000291107,92.0,0.001559948417751877
183,CIV,2012,0.019726809,941.0,0.40762852797481514
184,CIV,2014,44.102150910000006,4744147.0,104.92947585523459
185,CIV,2015,26.380241,1824975.0,367.0681224484666
186,CIV,2016,227.776635,12657986.0,2853.5267734140307
187,CIV,2017,2009.56265328,123594577.0,651.322184340788
188,CMR,2010,287.49078,27554916.0,10999.46912986954
189,CMR,2011,0.016858544,5241.0,0.18095600070163154
190,CMR,2012,0.000154116,11.0,0.00936658948425624
191,CMR,2014,12.5904477,1725190.0,66.44276731099745
192,CMR,2016,1.71e-05,15.0,9.91980405e-06
193,CMR,2017,736.407141167,59002626.0,528.5360989687571
194,COG,2010,2.57e-05,428.0,0.00030871808376
195,COG,2011,0.056706014,7590.0,1.0792694300061598
196,COG,2013,8.56e-05,6806.0,0.0
197,COG,2014,0.011969651999999999,4304.0,0.35400194578471483
198,COG,2015,0.022937529,31706.0,0.0046006148807231405
199,COG,2017,0.27130354300000004,245654.0,0.41435996222569554
200,COK,2010,3.42e-05,11.0,0.00039366506379599997
201,COK,2011,2.9578057099999997,537659.0,9.272730532749293
202,COL,2010,8.56e-06,118.0,4.059488092136e-05
203,COL,2012,7.71e-05,164.0,0.0002373450336726
204,COL,2014,0.032578348,34961.0,0.17091341788774206
205,COL,2015,0.000111306,3780.0,0.0
206,COL,2016,0.00012843,221.0,0.0006533287347077999
207,COL,2017,149.41834235800002,11998654.0,88.33417289585371
208,COM,2010,0.07001133600000001,5265.0,0.27555474204464137
209,COM,2011,0.026542149,1605.0,0.06428617642387763
210,COM,2016,0.026584949,209.0,0.027952429850226557
211,COM,2017,0.163961986,18093.0,0.04707620816043314
212,CPV,2010,6.7841558,580576.0,36.18911632466925
213,CPV,2011,3.8528926,462436.0,147.41263429179466
214,CPV,2015,5.9933887,370229.0,3.4767977485078503
215,CPV,2016,9.408720771,472858.0,12.93095054065464
216,CPV,2017,51.873015753,3150730.0,48.0236812959437
217,CRI,2010,0.054933686,10719.0,0.20735503222956259
218,CRI,2012,98.527974,9465284.0,180.2254344354892
219,CRI,2013,49.215036488,4573767.0,40.635217663584505
220,CRI,2014,6.2085767,760676.0,12.975002646416614
221,CRI,2015,0.000299669,149.0,0.0
222,CRI,2016,0.11062947199999999,40362.0,0.004350633612959054
223,CRI,2017,1139.051872444,73470042.0,1028.8048596412377
224,CYP,2010,16.443853557999997,1473095.0,6.790950788465436
225,CYP,2011,7.637203665,909054.0,1.2011421829629159
226,CYP,2013,0.004957389,1964.0,0.0032419107561804214
227,CYP,2015,3.42e-05,65.0,1.98396081e-05
228,CYP,2016,57.216508529,3743489.0,110.17997376171337
229,CYP,2017,268.71193951099997,20219008.0,141.7153198658787
230,CZE,2011,0.39941651,37949.0,3.661579302753149
231,CZE,2012,0.000136992,232.0,0.000132957199419552
232,CZE,2014,1.71e-05,21.0,0.0
233,CZE,2015,0.000385289,1587.0,0.00042997490991878194
234,CZE,2016,254.6055771,15990502.0,120.28423121042823
235,CZE,2017,49638.24470409501,1769190240.0,20460.637500196834
236,DEU,2010,70.842194,7085495.0,41.48954361774957
237,DEU,2012,72.770096,8667987.0,1431.827504535884
238,DEU,2013,131.77932438000002,13433725.0,166.63675463027067
239,DEU,2014,154.54071019999998,13734180.0,881.4054852680555
240,DEU,2017,8754.9065075,552953879.0,1078.9129039286224
241,DMA,2012,21.141567943,2502294.0,83.64095429969933
242,DNK,2012,0.018836364,507.0,0.021021009979774633
243,DNK,2013,8.56e-06,1614.0,9.18812067048e-05
244,DNK,2014,15.145686232,1269762.0,44.39644552836048
245,DNK,2015,0.11817248899999999,34065.0,0.06348044066784447
246,DNK,2016,0.13837878,215506.0,0.09049353506636743
247,DNK,2017,1393.6959163370002,73360170.0,42.846071471986015
248,DOM,2010,393.598668,24708752.0,3267.618722373445
249,DOM,2011,47.328042,4053892.0,252.46472337159946
250,DOM,2012,1087.8522,93016704.0,2634.822766321725
251,DOM,2014,0.0,15711.0,0.0
252,DOM,2015,0.099216267,10176.0,0.18725297480931724
253,DOM,2016,167.22917999999999,8721049.0,156.4984802746433
254,DOM,2017,16254.509708735999,764322663.0,40255.65316190249
255,DZA,2013,264.5801117,32582677.0,773.3048532412582
256,DZA,2014,0.000933254,1959.0,0.00043685653103819796
257,DZA,2015,0.001883636,1419.0,0.0
258,DZA,2017,0.5693890100000001,91053.0,0.05620252927464005
259,ECU,2010,102.07883,8055263.0,2008.5074015134282
260,ECU,2011,393.87357,38818400.0,1733.3478536258917
261,ECU,2012,1467.0896667,133742489.0,6941.729707122281
262,ECU,2013,2.57e-05,1333.0,1.68066509273e-05
263,ECU,2015,0.003775835,3949.0,0.0001399177193435
264,ECU,2016,446.188773497,18000689.0,457.8499499843092
265,ECU,2017,5231.688174609,334926100.0,2462.505416534487
266,EGY,2010,136.991736,11368250.0,571.8504099785289
267,EGY,2011,916.132239,111174086.0,37891.21224306403
268,EGY,2015,697.54322,63772234.0,1527.4928973838544
269,EGY,2016,2551.9781540000004,138499704.0,2632.687946543557
270,EGY,2017,89294.30287099999,3873271409.0,36021.213432717355
271,ESP,2010,2245.2815,82233208.0,72043.32956967916
272,ESP,2011,763.014963,80461223.0,228.7012426682465
273,ESP,2012,28.315609,3161469.0,559.9488624585897
274,ESP,2013,13.689688,1331408.0,125.49776232822262
275,ESP,2014,1.0540658,96609.0,14.666808925026157
276,ESP,2015,1523.405045289,66852632.0,2489.575501805338
277,ESP,2016,98.838669,3264332.0,579.4614532810144
278,ESP,2017,252568.42793674808,8819267122.0,132025.4758965415
279,EST,2011,6.3193431,606632.0,14.561647638134664
280,EST,2012,9.42e-05,98.0,0.0005047873838562
281,EST,2013,0.0001113,97.0,1.21415439569e-05
282,EST,2016,14.394509413,648324.0,13.418013814414586
283,EST,2017,3208.6609842630005,116313214.0,1879.8492520396162
284,ETH,2011,0.001866512,1992.0,0.013806055607687568
285,ETH,2012,4.332876819,752430.0,5.26219175040189
286,ETH,2013,0.017466446,15387.0,0.18434905219264194
287,ETH,2014,0.0013955929999999999,447.0,0.006885854165494979
288,ETH,2015,0.000154116,844.0,0.00045701000817138
289,ETH,2016,0.0075345460000000005,18364.0,0.01999168579522589
290,ETH,2017,76.455579509,7669483.0,30.78499672005653
291,FIN,2012,43.86859,5003949.0,3.250602391096064
292,FIN,2015,0.000333917,1372.0,0.0016739293433153328
293,FIN,2017,2466.472120729,126196436.0,1012.3912213928207
294,FJI,2015,6.11423219,562343.0,1.630841046342587
295,FJI,2016,2.57e-05,260.0,0.0
296,FJI,2017,72.08766540900001,7114566.0,108.68163993545147
297,FRA,2010,14.590475,1568039.0,886.7540664519165
298,FRA,2011,6.85e-05,122.0,0.0
299,FRA,2012,27.0593352,2046577.0,116.91917690071209
300,FRA,2013,352.733789951,30170413.0,2829.4024003990235
301,FRA,2014,43.84799013,3500982.0,176.37679874389798
302,FRA,2015,120.468358396,7544657.0,306.4132349119308
303,FRA,2016,22.213183920000002,1223394.0,27.466573132905804
304,FRA,2017,103031.02001210296,4280604921.0,32983.72718802373
305,FSM,2010,0.60832888,39572.0,0.4214700808021457
306,FSM,2013,0.45758661900000003,146774.0,0.8650348542370371
307,GBR,2011,4501.67192628,233349623.0,72217.68957574895
308,GBR,2012,311.899802975,29970171.0,527.1917222702957
309,GBR,2013,63.156330066,7136283.0,160.64281454577525
310,GBR,2014,0.01381048,35961.0,0.04749355679802054
311,GBR,2015,0.011875472,5025.0,0.014190194917634971
312,GBR,2016,0.019350082,26921.0,0.019370756784677628
313,GBR,2017,308309.9368793559,10454533097.0,9936.816622475942
314,GEO,2012,3.42e-05,6.0,3.31927135902e-05
315,GEO,2013,8.56e-06,978.0,7.847226653591999e-05
316,GEO,2014,0.73675865,58403.0,6.435098108369868
317,GEO,2015,5.86983088,328811.0,11.341974560999999
318,GEO,2016,0.000273983,8816.0,0.001059873135453637
319,GEO,2017,8645.664001084,306657852.0,1121.3565027087059
320,GHA,2012,0.000385289,20117.0,0.006006882610192172
321,GHA,2013,0.022432397,34350.0,0.009514827893005675
322,GHA,2016,0.1648353,3517.0,1.1467427010431477
323,GHA,2017,559.9449688510001,31706902.0,225.09680710140017
324,GIN,2014,0.084455387,3626.0,0.02475920046447768
325,GIN,2015,0.18318363799999998,15204.0,0.044125103901156475
326,GMB,2017,1.0726880879999996,243146.0,0.22598182754245735
327,GRC,2011,576.79034,22496242.0,11348.951266501064
328,GRC,2012,1729.5386868609999,104510687.0,3300.400161009383
329,GRC,2013,22.599912716,2569793.0,9.119001120460338
330,GRC,2014,0.13762532,48116.0,2.843845986629813
331,GRC,2015,4.0063233,311277.0,1.2544980277926432
332,GRC,2016,13.4533342,796727.0,17.304837048295024
333,GRC,2017,32297.818011762,1198245401.0,15544.429412376194
334,GRL,2011,1.71e-05,83.0,6.61494713769e-05
335,GRL,2013,0.000659273,832.0,0.0013777825954394702
336,GRL,2016,0.000273959,167.0,0.000126308728454003
337,GRL,2017,1.031282413,522263.0,0.6322167597253462
338,GTM,2010,402.56167367,32593663.0,1024.4480194925466
339,GTM,2012,503.72042,47749988.0,2687.0250937472947
340,GTM,2013,1373.3879901599998,101420503.0,169.51008521758956
341,GTM,2017,3105.5272822230004,209959475.0,2004.0486787499833
342,GUY,2010,0.000847636,5432.0,0.001229199480174124
343,GUY,2013,36.684849,813299.0,60.556926685414474
344,GUY,2016,0.12842976,21790.0,0.03725140506984
345,GUY,2017,454.15178405300003,13038251.0,2233.7369185638386
346,HKG,2012,14.855041951,1754086.0,85.35539437127355
347,HKG,2013,22.261158,2591849.0,164.65942101605503
348,HKG,2014,0.017123966,4167.0,0.18073435785843475
349,HKG,2015,15.54,972788.0,149.8074261831
350,HKG,2016,0.034247932,34584.0,0.022996444915467765
351,HKG,2017,24161.221407982997,1385371265.0,11726.778733123747
352,HND,2010,133.93205824,10785375.0,312.1034077617073
353,HND,2011,1.1467407,134174.0,5.8335174847694224
354,HND,2012,150.78655600000002,13036372.0,159.40878944276747
355,HND,2014,9.4182501,1042674.0,185.31388961995927
356,HND,2015,0.001335669,342.0,0.0016891542424035816
357,HND,2016,0.008570545,14524.0,0.005604753232362506
358,HND,2017,525.078984774,37570093.0,290.6882554407056
359,HRV,2011,0.001798017,9106.0,0.1529732354698891
360,HRV,2012,0.022791966,13907.0,0.010365326754271922
361,HRV,2013,0.003621737,358.0,0.000434710769692407
362,HRV,2014,7.02275284,742693.0,2.0719557602102876
363,HRV,2015,0.009127074,3027.0,0.004104911452629438
364,HRV,2016,87.241371,5097944.0,0.0
365,HRV,2017,5719.048809546999,200655748.0,9249.91226381116
366,HUN,2015,0.085619837,7200.0,0.8884919344138608
367,HUN,2016,4.332577433,259263.0,0.0
368,HUN,2017,45371.412452419005,1605394799.0,22213.96829914872
369,IDN,2010,0.00021405,5859.0,0.00013997912961044999
370,IDN,2013,31.130507992000002,3455487.0,150.0503450576648
371,IDN,2014,0.00107881,3423.0,0.007428981146969191
372,IDN,2015,406.23855070999997,26563220.0,2735.0411192168726
373,IDN,2016,17.437506948,1262783.0,21.90811009325712
374,IDN,2017,32437.78332453,1870852300.0,10798.670524572184
375,IND,2010,551.083492,17751645.0,2245.0654906409645
376,IND,2011,26.542662719,2861298.0,127.93804073715228
377,IND,2012,47.258757126,5738374.0,3.0349343680469185
378,IND,2013,545.53224,48079786.0,2113.0163194702736
379,IND,2015,2844.437499438,150263264.0,17799.576914327594
380,IND,2016,1348.6541356,56122018.0,1209.1229858262418
381,IND,2017,253206.80185214002,12546504273.0,49573.55003328109
382,IRL,2010,0.009075702,140.0,0.09418013755554971
383,IRL,2011,0.051645886,22336.0,0.2449250691878661
384,IRL,2013,20.2905733,2307084.0,42.569261937693504
385,IRL,2015,21.657639802000002,1173958.0,0.000397540074138389
386,IRL,2016,20.967443,757361.0,122.92582564387662
387,IRL,2017,27017.824221822,882827731.0,9982.314478016562
388,IRN,2010,0.056209417000000005,155326.0,0.26542028175834154
389,IRN,2011,0.69967672,140651.0,3.79248218063145
390,IRN,2013,9.240778,614265.0,95.89315990766308
391,IRN,2014,7.71e-05,646.0,0.0008137495128690001
392,IRN,2016,0.035121259,31855.0,0.0027466541996183117
393,IRN,2017,0.060207867,61400.0,0.03517791162493154
394,IRQ,2014,795.4864109309999,103044757.0,479.1412575203395
395,ISL,2010,0.096322313,11367.0,0.06299048603506346
396,ISL,2012,0.29401851,55619.0,0.07246586657257723
397,ISL,2014,8.56e-06,44.0,9.03462494184e-05
398,ISL,2017,20.86306253,1851658.0,1.8358994440184577
399,ISR,2012,102.9323,7247000.0,1047.871783368156
400,ISR,2013,468.28058,55114000.0,9213.908612735873
401,ISR,2014,0.009383934,1000.0,0.004427747736828696
402,ISR,2016,6.860203773,363000.0,2.8624626958869346
403,ISR,2017,4601.939534062,161990000.0,1662.0634323032775
404,ITA,2010,218.474939,17430549.0,444.826333264119
405,ITA,2012,184.082369546,22002450.0,2109.099806583527
406,ITA,2014,165.840646339,13378406.0,224.0961111708245
407,ITA,2015,21.879292999,1014326.0,94.31053683064269
408,ITA,2016,937.3552823489999,30188708.0,863.3336628859038
409,ITA,2017,420036.156779304,14617768249.0,164117.16601950268
410,JAM,2011,0.001575405,2297.0,0.0009900877734650725
411,JAM,2012,41.987053,2861951.0,1251.772838553562
412,JAM,2014,7.71e-05,99.0,0.0
413,JAM,2016,0.13274498,37635.0,0.19250015385345184
414,JAM,2017,4268.323926,278621941.0,10953.882929108868
415,JOR,2011,869.68134,95278880.0,9680.927332445879
416,JOR,2015,574.380275,24419545.0,190.54722914706238
417,JOR,2016,2668.32181,102396047.0,3722.169148633315
418,JOR,2017,24048.321544129,1117874275.0,15995.993601269478
419,JPN,2010,18.579504,2322179.0,99.56156281853295
420,JPN,2012,384.07346,43894724.0,4836.130976659554
421,JPN,2013,210.789493157,19471901.0,117.70008644040207
422,JPN,2014,583.3707400000001,66122692.0,592.2326317447455
423,JPN,2015,3654.468393966,220448218.0,15134.558425609535
424,JPN,2016,0.006866711,3579.0,0.0002544535294871
425,JPN,2017,0.47846076,38333081786.0,0.07711970357843524
426,KAZ,2011,0.000111306,849.0,2.7433258350732e-05
427,KAZ,2013,0.001369917,5675.0,0.006867407961279333
428,KAZ,2014,0.000924698,7043.0,0.000765987260365666
429,KAZ,2016,0.025814371,393.0,0.004035712622805392
430,KAZ,2017,41333.093621203,357245063.0,82500.84684256703
431,KEN,2010,13.0432567,1498724.0,28.52593956114202
432,KEN,2013,244.39826396,34681634.0,651.6413016681488
433,KEN,2017,1671.238167945,111133782.0,1466.6260222976225
434,KGZ,2013,0.001566843,2755.0,0.0007670627236747291
435,KGZ,2014,0.000154068,295.0,1.61572297014e-05
436,KGZ,2017,1614.4382664759999,47862647.0,2587.8803651483363
437,KHM,2013,7.9299636,740006.0,85.11853092209579
438,KHM,2014,23.986029,977831.0,128.53338458608224
439,KHM,2015,0.34247935,78029.0,0.0
440,KHM,2017,2608.5873939000003,102044432.0,4947.976888423986
441,KIR,2013,3.42e-05,77.0,0.0001322989427538
442,KIR,2015,0.000513719,40.0,0.0007449696895313211
443,KIR,2016,1.6678658800000001,356867.0,3.183537942027653
444,KNA,2010,4.28e-05,3.0,2.7989286369199996e-05
445,KNA,2016,2.57e-05,45.0,5.3709180723000005e-05
446,KNA,2017,2.8106680550000003,165497.0,27.43736420404025
447,KOR,2010,143.76068560000002,20005585.0,863.4550610650927
448,KOR,2011,25.444073306,2877993.0,77.71567672713995
449,KOR,2012,0.070028462,38004.0,1.4470459404458307
450,KOR,2013,15.350421,2612364.0,12.208330676763095
451,KOR,2014,1084.850083983,117998412.0,2001.481842718543
452,KOR,2015,4496.329861996999,349276675.0,48090.557942653475
453,KOR,2016,1433.366676248,58833500.0,2159.2700324914044
454,KOR,2017,378312.304346614,18809891052.0,77423.12681838816
455,KWT,2013,0.0,23917.0,0.0
456,KWT,2014,0.83051246,2364.0,0.0
457,KWT,2016,8.56e-05,11108.0,0.000385500394062
458,KWT,2017,0.027946314,118738.0,0.0033907774407716225
459,LAO,2017,182.742697457,10841989.0,228.55782027165154
460,LBN,2011,41.534374,4910379.0,100.59796192913075
461,LBN,2012,38.504253,5126925.0,36.3814070293462
462,LBN,2013,32.768803,3460491.0,31.803669376394343
463,LBN,2014,109.67707250000001,12396448.0,26.041193168712976
464,LBN,2016,21.469292,1085083.0,5.291472463688424
465,LBN,2017,1862.27516527,132440256.0,1291.5193321558465
466,LBY,2010,2.3978605589999997,369044.0,0.5450425156623837
467,LCA,2010,5.14e-05,86.0,3.36133018546e-05
468,LCA,2015,0.007192066,3008.0,0.0002665099169026
469,LCA,2016,0.012928576,4704.0,0.009401567483708594
470,LCA,2017,10.77899813,8662046.0,52.89546374694401
471,LKA,2010,0.01027438,4735.0,0.00596022434709
472,LKA,2012,0.03513838,15731.0,0.03320110391784092
473,LKA,2013,0.0,71.0,0.0
474,LKA,2015,168.286474744,10335282.0,120.62047704994929
475,LKA,2016,674.501865,36919090.0,1574.796183842841
476,LKA,2017,958.326096328,65370620.0,714.1771926589904
477,LSO,2010,0.38134217,24096.0,0.2233374166178742
478,LSO,2014,0.035463736,7296.0,0.028488332438060895
479,LSO,2017,90.94449312,14287544.0,5527.263443826767
480,LTU,2013,4.649157,459405.0,10.713041684406601
481,LTU,2016,0.0,41.0,0.0
482,LTU,2017,15948.928505819,553599682.0,4694.358577712273
483,LUX,2017,0.7285905970000001,91991.0,0.06524858084685606
484,LVA,2015,4.7205639,153885.0,10.877584438341188
485,LVA,2017,12807.186555641001,444084742.0,8332.720045484606
486,MAC,2010,0.057074182,8286.0,0.6126220460104411
487,MAC,2014,25.061388,4195423.0,45.430659844318015
488,MAC,2015,376.12228,32306348.0,545.4337841454426
489,MAR,2011,364.19638,39759636.0,882.0986099361273
490,MAR,2012,63.892412,7795434.0,412.61242315721637
491,MAR,2013,362.45662100000004,41448539.0,155.1750910618448
492,MAR,2014,29.948200200000002,3861302.0,309.4197961108084
493,MAR,2015,41.911082,2740782.0,115.54470356153487
494,MAR,2016,454.29074819999994,20645895.0,504.18597373277703
495,MAR,2017,30924.941364801005,1407258276.0,17235.112351461183
496,MDA,2010,8.56e-06,34.0,3.311341958984e-05
497,MDA,2014,0.01161004,8366.0,0.10643296184260428
498,MDA,2016,0.000179802,170.0,0.00026073989888851805
499,MDA,2017,619.647161851,34741105.0,308.73279856578307
500,MDG,2010,0.028203173,2859.0,1.0790604511834088
501,MDG,2013,15.07915943,2359065.0,79.57582040934064
502,MDG,2014,48.6488647,7237696.0,201.65708024227482
503,MDG,2015,0.003424794,206.0,0.018352365217690136
504,MDG,2016,0.077622943,8000.0,1.8066744540068018
505,MDG,2017,117.49864289300001,11306513.0,112.636834923094
506,MDV,2014,61.9110163,7512715.0,164.69192018482946
507,MDV,2016,18.624796836999998,1052959.0,68.79055882676242
508,MDV,2017,0.011841197,7083.0,0.013997802745919063
509,MEX,2010,928.48392,49378568.0,4029.3966831886364
510,MEX,2011,1104.2586698999999,91728569.0,903.1933360299996
511,MEX,2012,1.71e-05,370.0,1.5370472142e-05
512,MEX,2013,22285.075104051,1913584419.0,11270.025514567518
513,MEX,2017,357228709.7456781,6464439746.0,460627443.06767875
514,MKD,2010,3.1341994,300094.0,2.969081725696759
515,MKD,2012,1.71e-05,258.0,3.1878980269199996e-05
516,MKD,2015,8.56e-06,8.0,1.7889127898400002e-05
517,MKD,2016,9.42408054,553551.0,34.11229356024702
518,MKD,2017,2176.0947999659998,91346781.0,520.7589031509557
519,MLI,2010,0.022261158,40632.0,0.11874898810310953
520,MLI,2011,2.885088729,450792.0,0.0010764356478337657
521,MLI,2012,0.001566842,1610.0,0.0092632467734311
522,MLI,2016,0.010008959,17063.0,0.020917236878603012
523,MLI,2017,73.88231015800001,9439694.0,48.62383094307328
524,MLT,2012,0.027817884,2935.0,0.5656079834990061
525,MLT,2015,29.92088724,1679415.0,29.231827404108984
526,MLT,2017,1957.5555247989998,124974326.0,2241.0820640135557
527,MMR,2013,0.0,5099.0,0.0
528,MMR,2016,0.12483371,23026.0,0.37017736527786654
529,MMR,2017,294.758190198,14314666.0,152.7439098154257
530,MNE,2010,1.614927131,191445.0,0.642347926028658
531,MNE,2011,0.50344461,62040.0,10.236303043953434
532,MNE,2014,0.85345846,92334.0,16.877372965301923
533,MNE,2015,0.31782085,21843.0,0.9424544450643342
534,MNE,2016,6.83109267,365443.0,3.191942046160868
535,MNE,2017,151.952617427,9847975.0,8.466637664246992
536,MNG,2013,0.032672528,3702.0,0.09688593194904904
537,MNG,2015,7.474432,543879.0,17.223316309443327
538,MNG,2017,255.61130041299998,13510598.0,299.7144690622703
539,MOZ,2011,11.335612,1626000.0,7.853681557222423
540,MOZ,2012,1.71e-05,310.0,0.0
541,MOZ,2014,0.22363046,28210.0,2.4893603358000584
542,MOZ,2016,9.415999999999999e-05,689132.0,5.9736159733333337e-05
543,MOZ,2017,233.4826242,31700472.0,1290.017514799709
544,MRT,2011,46.011541878,6775694.0,236.90096284142143
545,MRT,2013,1.3866816670000002,341807.0,0.48774198058533913
546,MRT,2014,31.299384231,4224536.0,0.00304767589184597
547,MRT,2016,0.001695273,2764.0,0.012539449683801296
548,MRT,2017,0.22261158,5201.0,0.2103383878509697
549,MSR,2012,0.00017124,71.0,0.00011198330368836
550,MSR,2014,5.088841073,662776.0,23.739970814688245
551,MUS,2010,42.381819,3983375.0,52.441553458257985
552,MUS,2011,46.399958579,4874227.0,292.0599199818878
553,MUS,2012,8.56e-06,204.0,9.03462494184e-05
554,MUS,2014,109.63678,11189330.0,27.02185066826916
555,MUS,2015,55.954607700000004,3182153.0,149.92126890948632
556,MUS,2016,387.990402785,15534165.0,580.4814949902459
557,MUS,2017,149.50243692100003,9222551.0,112.3624068427993
558,MWI,2012,0.000428099,2844.0,0.000798091203173348
559,MWI,2016,0.134979663,4805.0,0.004015856773047114
560,MWI,2017,8.314430938000001,1057759.0,70.54384555574397
561,MYS,2010,428.957,37054572.0,5401.29025149239
562,MYS,2011,516.8240947,42824991.0,120.41306653631922
563,MYS,2012,15.505213,1565099.0,28.330290067322604
564,MYS,2013,164.03841165400002,19628654.0,944.0868924979987
565,MYS,2014,3743.44424,372625556.0,51504.10056477368
566,MYS,2015,5944.169450658,358873206.0,11885.903819115656
567,MYS,2016,2507.973069105,111439125.0,3309.7864541702183
568,MYS,2017,18715.335381817993,925596366.0,14009.692858826998
569,NAM,2012,0.000154116,4.0,0.0
570,NAM,2013,0.001943546,543.0,0.005663026860500732
571,NAM,2015,0.66714972,70629.0,0.38701722189546
572,NAM,2016,0.030480662999999998,6101.0,0.028835764185704108
573,NAM,2017,125.442374526,11791731.0,1524.480508265532
574,NCL,2010,0.000684959,1060.0,0.0
575,NCL,2012,0.000111306,97.0,6.4569222783e-05
576,NCL,2013,0.000214078,678.0,0.000275858295831
577,NCL,2014,16.178364809999998,1945962.0,4.740038783734226
578,NCL,2015,238.235474932,21374253.0,272.7629139383778
579,NER,2010,0.331263109,37012.0,3.25341162771832
580,NER,2012,0.054308659999999995,5058.0,0.5345243134357178
581,NER,2013,0.007962644,341.0,0.023612136309700417
582,NER,2015,4.916830408,328180.0,12.394748478685864
583,NER,2016,1.469082166,67709.0,3.5268097829767893
584,NGA,2010,0.001712397,1911.0,0.00871103453497962
585,NGA,2011,2.483052437,362665.0,4.915451553313681
586,NGA,2012,5.043864552,369488.0,1.49765821100182
587,NGA,2013,0.004640595,3264.0,0.024867450207921048
588,NGA,2014,0.0,24771.0,0.0
589,NGA,2016,0.008776033,480.0,0.0696300862031601
590,NGA,2017,3.411796375,259051.0,0.7528780831799646
591,NIC,2010,111.9445175,10754245.0,256.0268026327723
592,NIC,2011,0.00017124,87.0,0.0018073471671036
593,NIC,2012,54.22767304999999,5761460.0,124.21390415107336
594,NIC,2013,0.000239736,394.0,8.8836811896e-06
595,NIC,2014,4.28e-05,50.0,0.000763857986188
596,NIC,2015,29.807722851,1905832.0,195.4973957111572
597,NIC,2016,0.44659308,29462.0,0.11007046647340776
598,NIC,2017,787.8321904530001,63002002.0,761.9500894624277
599,NLD,2011,155.14709,14512804.0,5935.966457929855
600,NLD,2012,1.71e-05,39.0,0.00033905170555199995
601,NLD,2013,187.68152,15291545.0,2611.4963530725263
602,NLD,2014,0.000239736,90.0,0.0
603,NLD,2015,17.499065873000003,795135.0,2.3581633705913974
604,NLD,2016,395.338913728,13340912.0,1100.6023528011533
605,NLD,2017,25548.889479184,1347784648.0,3819.4312205472606
606,NOR,2010,4.28e-05,544.0,2.7989286369199996e-05
607,NOR,2013,0.000325355,1265.0,0.001743472391449405
608,NOR,2014,0.000470909,232.0,0.0034831792349369005
609,NOR,2015,0.037749786,44990.0,0.0
610,NOR,2017,142.670801827,10889970.0,5.985744401365601
611,NPL,2010,0.01541157,604.0,0.07308771600014068
612,NPL,2011,8.56e-06,27.0,2.0732672029999995e-05
613,NPL,2014,0.000162678,15175.0,0.00048239945306979
614,NPL,2015,2.57e-05,418.0,9.523417700000001e-07
615,NPL,2017,2964.106956345,231885679.0,3970.9232616168097
616,NZL,2010,96.94074699999999,5653210.0,400.95473857901203
617,NZL,2012,0.12625502,14133.0,0.6765598858228472
618,NZL,2013,8.56e-06,6.0,4.2911367731439994e-05
619,NZL,2015,40.287625934,2003925.0,7.865546236223621
620,NZL,2016,0.016901355,816.0,0.0
621,NZL,2017,244.433095877,8782138.0,321.0146104902226
622,OMN,2010,335.43781,25130490.0,232.40225071148163
623,OMN,2011,0.001798017,4346.0,0.0
624,OMN,2014,0.006019075,16347.0,0.005603252468559241
625,OMN,2015,142.847355429,5149689.0,397.6172161545065
626,OMN,2016,0.081612834,11614.0,0.14578953421116755
627,OMN,2017,626.363222291,49524975.0,2556.662875731078
628,PAK,2010,0.0,3261.0,0.0
629,PAK,2012,0.29110745,19672.0,0.0
630,PAK,2014,0.19834689800000002,18180.0,1.5884054583237432
631,PAK,2015,1087.6379988530002,55590882.0,5748.614634205265
632,PAK,2016,1266.9524907439998,64532444.0,2803.2549761253767
633,PAK,2017,36873.33306811401,1648948794.0,7491.902648313908
634,PAN,2012,0.009435307,18665.0,0.004867585431002694
635,PAN,2013,0.017123966,25776.0,0.024832322017610597
636,PAN,2015,0.014743735,1001.0,0.024337984312384094
637,PAN,2016,0.021756001,16393.0,0.08416069973247414
638,PER,2013,0.001695273,10097.0,0.003160442954263596
639,PER,2015,21.140521528999997,1010433.0,35.25029983383157
640,PER,2016,0.021584759999999998,3377.0,0.006535720091377982
641,PER,2017,1702.2917245180001,104347758.0,729.0620177519305
642,PHL,2010,169.49968,12520654.0,2134.286115426674
643,PHL,2012,89.044632,8094176.0,660.4896757263101
644,PHL,2013,30.369989,3628025.0,160.37241228229516
645,PHL,2014,90.852455,9655260.0,486.84897108665757
646,PHL,2016,996.67414,48090832.0,5316.616754327736
647,PHL,2017,8073.053768213001,507476296.0,1620.2358441389845
648,PLW,2010,0.32952508,20277.0,0.9771617450717295
649,PLW,2011,0.0,4070.0,0.0
650,PLW,2017,0.68961633,154769.0,1.2017715676747747
651,PNG,2011,14.5724102,1821616.0,30.28736714834338
652,PNG,2012,1293.779232045,16142487.0,1834.9453562453339
653,POL,2011,35.936184,3820608.0,191.69647357460718
654,POL,2013,1.1270994,70296.0,10.332481837532187
655,POL,2014,0.13628115,29546.0,0.8530790974508239
656,POL,2016,0.002919636,22033.0,0.015417492192908964
657,POL,2017,18344.051765215,899383698.0,6039.034357863089
658,PRT,2010,147.73366,12329369.0,400.6448037001165
659,PRT,2011,101.56801970000001,11297185.0,112.03844548585148
660,PRT,2013,538.3952427439999,40470122.0,2740.4863610573225
661,PRT,2014,370.431102,29006782.0,1010.3251521423591
662,PRT,2016,481.01163516400004,14678714.0,976.9547474328433
663,PRT,2017,31299.745240832002,1205798576.0,2838.837641528149
664,PRY,2011,1.71e-05,47.0,1.11826354419e-05
665,PRY,2013,5.2363381,642553.0,3.0376285316695504
666,PRY,2014,8.56e-06,49.0,3.17200216e-07
667,PRY,2015,26.174839,2277540.0,540.8685759337853
668,PRY,2016,0.0008476640000000001,12607.0,0.0009459006577345365
669,PRY,2017,614.654133254,44817936.0,255.22378163512894
670,PSE,2015,0.43063352,26441.0,4.3839369622606945
671,PSE,2017,2913.47149967,113969999.0,0.0
672,PYF,2013,0.000111306,102.0,6.4569222783e-05
673,PYF,2015,90.093061001,9845724.0,128.74300623298868
674,QAT,2010,170.309565119,20318545.0,29.935396552718426
675,QAT,2013,0.000779139,2273.0,0.00022844814435306397
676,QAT,2014,0.000573653,210.0,0.004136125199625994
677,QAT,2015,0.000856198,988.0,0.0
678,QAT,2016,0.147908255,82964.0,0.7600209447933031
679,QAT,2017,0.44081371100000005,634853.0,0.2043724792850349
680,ROU,2013,12.645965,1157265.0,115.929618701392
681,ROU,2014,32.536136,2923213.0,305.59734381083257
682,ROU,2015,0.056098115,43820.0,0.08135069038685029
683,ROU,2016,0.000333917,7457.0,0.0014694926477021469
684,ROU,2017,8618.565269521001,328924517.0,2295.4780350606966
685,RUS,2010,0.001061686,33203.0,0.011395910142709381
686,RUS,2011,0.074249521,1435.0,0.5492024780822014
687,RUS,2012,0.014538247,5820.0,0.027103186506535447
688,RUS,2013,0.00041098899999999995,725.0,9.265045038585001e-05
689,RUS,2014,0.061791833000000004,85209.0,0.25213943956524854
690,RUS,2015,9.42e-05,622.0,4.44476524248e-05
691,RUS,2017,1094.405562942,76661011.0,211.9408854103404
692,RWA,2010,4.28e-05,148.0,8.9445639492e-05
693,RWA,2011,0.006421488,252.0,0.06537205602553536
694,RWA,2012,0.001309983,1916.0,0.0165107963733137
695,RWA,2013,0.11580083,21223.0,0.004291127136563
696,RWA,2014,0.6588617449999999,119553.0,1.4140983245531396
697,RWA,2015,0.19785032,19720.0,0.0
698,RWA,2016,71.65571076799999,3948905.0,37.538094024934814
699,SAU,2011,0.077057853,102933.0,0.16103946120246568
700,SAU,2014,0.12842976,98708.0,2.413013218273056
701,SAU,2015,3.2479026,427680.0,9.631212812205394
702,SAU,2016,0.872937056,72533.0,0.29411184256736866
703,SAU,2017,1.59608215,519185.0,0.32741187672371447
704,SDN,2010,0.75833488,51000.0,6.951899162014593
705,SDN,2011,131.23804,12559643.0,4210.975491402186
706,SDN,2012,0.849665538,126038.0,1.3571482762603713
707,SDN,2015,78.89434320000001,5232282.0,5.7733036466959415
708,SDN,2017,2.02192094,108358.0,0.43791132095074525
709,SEN,2010,9.9940605,817162.0,0.0
710,SEN,2013,0.007928398,1313.0,0.007491283488311132
711,SEN,2015,0.10356575,6754.0,0.04657880863847025
712,SEN,2016,113.484325,6633753.0,241.59110522147242
713,SEN,2017,1048.9270704929997,75050989.0,366.1369734544228
714,SGP,2012,0.97144264,108253.0,1.7749676689359668
715,SGP,2013,0.001369918,625.0,0.00705448882019893
716,SGP,2014,0.687356027,43974.0,0.7094310278987073
717,SGP,2015,522.1321312949999,24320446.0,2568.3610780036324
718,SGP,2016,0.000137,363.0,0.00022601059373719996
719,SGP,2017,1433.9332478860003,3891967264.0,388.4688933100942
720,SLB,2015,8.56e-06,183.0,1.655670979492e-05
721,SLB,2016,0.09081696,4971.0,1.0453644547414849
722,SLB,2017,70.816208703,3664736.0,180.40368543495813
723,SLE,2015,0.12769343,55882.0,0.1851746478177554
724,SLE,2016,0.002671339,49.0,0.001746936267761971
725,SLE,2017,2.189470544,156329.0,0.9019238681451134
726,SLV,2010,401.383441,35910238.0,1234.9080272964434
727,SLV,2012,240.40917153,24814606.0,640.7120763583325
728,SLV,2013,526.55792,40375292.0,129.77916245291425
729,SLV,2015,87.372952262,4465343.0,572.9577563402707
730,SLV,2016,8.56e-06,247.0,2.53835141708e-05
731,SLV,2017,4502.5782531899995,259789344.0,5805.899125914588
732,SRB,2010,4.4556561,418444.0,3.5436241814303733
733,SRB,2011,3.42e-05,1403.0,6.375796053839999e-05
734,SRB,2014,7.733774417,605144.0,45.78869459401025
735,SRB,2015,16.791592,683711.0,153.93391156383436
736,SRB,2017,13736.229320444001,502221978.0,3951.1836831391665
737,STP,2010,0.000770579,173.0,0.0004470171160845
738,STP,2012,0.001284298,961.0,0.0007521638571666559
739,STP,2014,0.009949024,4812.0,0.005502473862468234
740,STP,2016,0.000205488,32.0,0.00060934667756184
741,STP,2017,0.589235685,52235.0,0.8002654725116726
742,SUR,2014,41.754311,5582019.0,821.55959946439
743,SUR,2017,0.189887665,55776.0,0.09504209338182518
744,SVK,2010,0.000179802,469.0,0.0
745,SVK,2012,0.022286842,903.0,0.1606915135391656
746,SVK,2013,0.001369917,431.0,0.004363524421996774
747,SVK,2017,44327.189411832005,1598633942.0,17344.119666700673
748,SVN,2012,1114.1459429800002,97959246.0,11325.51956599945
749,SVN,2013,0.16678743,14036.0,1.5289938857244274
750,SVN,2014,2.6023206599999997,236178.0,1.6171463666138006
751,SVN,2016,1.0753852,48606.0,0.3367348342849408
752,SVN,2017,15186.318825947,219144244.0,2462.8824708455495
753,SWE,2011,617.010795951,65767475.0,6272.582210502171
754,SWE,2012,677.6269806439999,63396762.0,994.0396315053245
755,SWE,2013,608.4488180000001,65134513.0,921.5574531282933
756,SWE,2014,0.004880331,3506.0,0.0046112648529744536
757,SWE,2015,0.062502478,25611.0,0.042802398232532825
758,SWE,2016,35.052761,2594807.0,2130.3746695784166
759,SWE,2017,13210.202708919001,592414506.0,2508.263218887231
760,SWZ,2012,0.000188364,1996.0,6.980035220400001e-06
761,SWZ,2016,4.072773,283038.0,0.0
762,SWZ,2017,45.05206801,4225237.0,1369.0462090015699
763,SYC,2013,6.85e-05,1893.0,0.0002649847245215
764,SYC,2016,0.001806577,5809.0,0.0002287542355798775
765,SYC,2017,1.71e-05,63.0,0.001039273535394
766,SYR,2010,2657.115874777,251406292.0,1056.01180431903
767,TCA,2011,0.34247935,9799.0,3.1396180883468032
768,TCA,2012,53.30940133,1472646.0,206.22156242096548
769,TGO,2012,0.045917917,20117.0,0.0017015389241437002
770,TGO,2013,0.17123967,28933.0,2.382716069788559
771,TGO,2016,0.17260103,25899.0,0.12778593464544635
772,TGO,2017,16.6796,11544222.0,16.1308000406161
773,THA,2010,1177.3497,105770432.0,14824.813343079819
774,THA,2012,2480.4026599599997,266941359.0,2545.228176625191
775,THA,2013,148.653237363,15444826.0,756.660048895176
776,THA,2014,1556.6150522609996,129689586.0,4994.5542706217175
777,THA,2015,192.95029,12296516.0,849.1302704773854
778,THA,2016,558.669789498,14527791.0,1035.9844505299004
779,THA,2017,106241.42083928999,3681158054.0,10671.509848722822
780,TLS,2017,8.105389949000001,828099.0,25.204288967623043
781,TON,2012,0.000231174,52.0,0.00033523701285666604
782,TON,2014,14.0015996,2161485.0,38.804104168114954
783,TTO,2012,0.0011644300000000002,21482.0,0.0001509806347892465
784,TTO,2013,0.000453775,622.0,0.0014815960640982375
785,TTO,2014,0.001524033,13613.0,0.002515773055169241
786,TTO,2015,0.174022307,411028.0,0.13287128079279978
787,TUN,2010,3.426e-05,3819.0,2.2404508201140002e-05
788,TUN,2012,42.75786656,5346538.0,12.520823006989893
789,TUN,2013,0.000402413,227.0,0.003192792447256324
790,TUN,2015,92.86318,5415486.0,421.047591042378
791,TUN,2016,58.290957000000006,2690750.0,186.12991052918187
792,TUN,2017,4872.727108355,817919912.0,4077.0522809356276
793,TUR,2010,0.000119868,3140.0,0.000223466058883536
794,TUR,2011,392.1162518,40205287.0,482.450868787426
795,TUR,2012,135.1744975,13412573.0,57.54622069106883
796,TUR,2013,0.0017637679999999998,8079.0,0.005201666318582803
797,TUR,2014,26.491778200000002,2554569.0,120.23193823762018
798,TUR,2015,37.158066,2033326.0,340.63991344758256
799,TUR,2016,154.598587756,5894973.0,83.35006880992223
800,TUR,2017,29260.848279306,1664720694.0,23975.065076183335
801,TZA,2010,8.0949278,1383418.0,0.0
802,TZA,2011,0.0034419180000000004,983.0,0.003059896064529444
803,TZA,2012,0.47150844,63909.0,4.800051974899397
804,TZA,2013,0.001798017,4085.0,0.0
805,TZA,2014,7.7599826,1188165.0,157.78008529956392
806,TZA,2015,212.96826750000002,18821694.0,271.6384002818189
807,TZA,2016,71.003142378,4643949.0,13.77482788471025
808,TZA,2017,953.270383873,41059445.0,254.29206534017942
809,UGA,2010,0.303051408,207099.0,0.08040728535388164
810,UGA,2012,0.002337421,4453.0,0.011717515429227828
811,UGA,2013,0.000273983,591.0,0.0001589390452065
812,UGA,2014,4.485083711,716590.0,9.373158427699709
813,UGA,2015,21.2824208,1910665.0,52.082421158004806
814,UGA,2016,21.007101591999998,1456869.0,16.16981672912589
815,UGA,2017,104.312304008,8236903.0,73.89403498518438
816,UKR,2011,8867.2813,530416384.0,375609.7595909987
817,UKR,2012,0.000239736,2715.0,0.000927392378363304
818,UKR,2014,4.4301414,361377.0,77.38869314381593
819,UKR,2016,78.753803,3438153.0,5.284278461016777
820,UKR,2017,29731.63307699,1270084273.0,10925.575357433765
821,URY,2012,114.99624,12541096.0,28.34278081399728
822,URY,2014,5.157568,698608.0,6.77602098735744
823,URY,2015,50.576767,5122525.0,56.442672473930536
824,URY,2016,111.064326926,7203893.0,1092.6512732740453
825,URY,2017,1076.7862573890002,79800778.0,1123.5412313735733
826,USA,2010,0.00211481,6218.0,0.015564558470943008
827,USA,2011,378.57706,57619792.0,4547.610292556208
828,USA,2012,82.88377452099999,7100793.0,210.93631329659988
829,USA,2013,46.096425999999994,7510976.0,78.04373141314439
830,USA,2014,0.0,3986283.0,0.0
831,USA,2015,845.8873932419999,69767162.0,3087.5760014060543
832,USA,2016,911.3075700499999,28345873.0,721.3178194381169
833,USA,2017,333316.99735275505,11007818483.0,22119.938350096978
834,UZB,2017,0.28939506,42228.0,0.42402051062709106
835,VCT,2010,0.000119868,71.0,7.8388312581852e-05
836,VCT,2013,1.4012799,275391.0,2.3131403422171624
837,VCT,2015,0.00120723,316.0,0.00185575241421679
838,VCT,2017,35.720167833000005,3969338.0,176.19491391250065
839,VEN,2012,3.426e-05,113.0,4.058777643425e-05
840,VEN,2013,0.026867505,135499.0,0.050786839199712656
841,VNM,2012,0.008561983,1273.0,0.017893272073706373
842,VNM,2013,0.00211481,1934.0,0.00197128614804406
843,VNM,2014,187.24487,18472532.0,824.0220168034101
844,VNM,2015,0.46276662,28370.0,0.017148326147382
845,VNM,2017,8519.036874116002,527183404.0,1370.885612663753
846,VUT,2010,0.014075902000000001,1249.0,0.07427327097992394
847,VUT,2011,15.19474687,2567250.0,39.82464886277645
848,WSM,2015,0.001883636,339.0,0.002731555044898124
849,WSM,2017,30.245215486,2400873.0,68.19287210756669
850,YEM,2010,1.71e-05,1263.0,1.11826354419e-05
851,YEM,2011,0.000590777,1038.0,0.000409309566111754
852,YEM,2012,0.000522281,1198.0,0.002020386670187059
853,YEM,2014,0.260523979,24394.0,5.267060432019173
854,YEM,2015,42.815825794,2903086.0,12.541864774840725
855,ZAF,2012,0.000607901,456.0,0.0001651750459626865
856,ZAF,2013,26.9702918,3106250.0,3.323638476814239
857,ZAF,2014,22.512116709,2155001.0,120.66672347214094
858,ZAF,2015,96.24980915,4234375.0,486.3164193100966
859,ZAF,2016,80.98773349,2905257.0,113.93528887646553
860,ZAF,2017,27160.830654526,326571366.0,462.372118095739
861,ZMB,2012,2.57e-05,338.0,9.941762657230001e-05
862,ZMB,2016,21.131572101000003,1932623.0,240.24528603520903
863,ZWE,2010,0.15634182,73316.0,1.5915915775555702
864,ZWE,2012,5.99e-05,1910.0,0.00023171656932610002
865,ZWE,2013,0.000667835,2842.0,0.0
866,ZWE,2015,0.74173317,59998.0,0.10943728539108463
867,ZWE,2017,306.319125639,25290235.0,2490.950531013927
